{
  "Rincon Hill": 7.836879432624113,
  "Haight Ashbury": 14.438356164383562,
  "Excelsior": 8.405271828665569,
  "Potrero Hill": 9.030430220356768,
  "Mission": 9.438985736925515,
  "Central Waterfront": 7.292096219931271,
  "Pacific Heights": 11.381370826010544,
  "Western Addition": 11.188564476885645,
  "Westwood Park": 11.1301775147929,
  "Mission Dolores": 13.821011673151752,
  "Presidio Heights": 10.594594594594595,
  "Parkside": 9.1217277486911,
  "Sunnyside": 9.27318718381113,
  "Tenderloin": 8.252100840336135,
  "Outer Sunset": 9.704643962848298,
  "Russian Hill": 11.413919413919414,
  "Bayview": 8.902852737085581,
  "Ingleside": 6.845559845559846,
  "Eureka Valley": 9.954545454545455,
  "Cow Hollow": 11.019011406844106,
  "Inner Richmond": 9.795477903391573,
  "Fairmount": 12.363914373088685,
  "Buena Vista": 10.888178913738018,
  "Cathedral Hill": 10.644444444444444,
  "Outer Richmond": 6.801248699271592,
  "Diamond Heights": 13.75,
  "Noe Valley": 9.96048632218845,
  "Lower Pacific Heights": 10.201970443349754,
  "Dogpatch": 7.7360406091370555,
  "Showplace Square": 9.40677966101695,
  "Castro": 9.529100529100528,
  "Lower Haight": 10.984567901234568,
  "Sunnydale": 20.346938775510203,
  "Fishermans Wharf": 10.827715355805243,
  "West Portal": 7.964630225080386,
  "North Beach": 12.193037974683545,
  "Glen Park": 11.854545454545455,
  "Lone Mountain": 11.827205882352942,
  "South of Market": 8.145331325301205,
  "Oceanview": 8.286486486486487,
  "Cayuga": 8.98076923076923,
  "Stonestown": 8.736842105263158,
  "Mission Terrace": 9.397826086956522,
  "Crocker Amazon": 7.592436974789916,
  "Laguna Honda": 8.05521472392638,
  "Nob Hill": 13.029126213592233,
  "Peralta Heights": 9.364102564102565,
  "Dolores Heights": 12.96671490593343,
  "Seacliff": 10.525581395348837,
  "University Mound": 7.6923076923076925,
  "Aquatic Park / Ft. Mason": 9.361702127659575,
  "Laurel Heights / Jordan Park": 12.3,
  "Lake Street": 13.324444444444444,
  "Anza Vista": 9.570048309178745,
  "Portola": 7.914807302231237,
  "Japantown": 11.145985401459853,
  "Balboa Terrace": 7.9021739130434785,
  "St. Francis Wood": 12.570422535211268,
  "Duboce Triangle": 11.718475073313783,
  "Upper Market": 9.645348837209303,
  "Parnassus Heights": 10.257352941176471,
  "Panhandle": 10.889312977099237,
  "Bernal Heights": 9.430581613508442,
  "Telegraph Hill": 12.31360946745562,
  "Miraloma Park": 9.057971014492754,
  "Parkmerced": 15.23404255319149,
  "South Beach": 10.075555555555555,
  "Ashbury Heights": 10.348547717842324,
  "Holly Park": 9.720164609053498,
  "Forest Hill": 11.368983957219251,
  "Golden Gate Heights": 7.615560640732266,
  "Outer Mission": 8.432584269662922,
  "Downtown / Union Square": 12.54945054945055,
  "Hayes Valley": 9.382716049382717,
  "Ingleside Terraces": 12.420289855072463,
  "Alamo Square": 13.28476821192053,
  "Produce Market": 6.615384615384615,
  "Mission Bay": 5.997596153846154,
  "Candlestick Point SRA": 13.395348837209303,
  "Financial District": 11.183908045977011,
  "Hunters Point": 11.714285714285714,
  "Northern Waterfront": 14.05625,
  "Marina": 9.570833333333333,
  "Lower Nob Hill": 7.779569892473118,
  "Westwood Highlands": 9.115384615384615,
  "Polk Gulch": 9.745664739884393,
  "Corona Heights": 11.518518518518519,
  "Presidio Terrace": 22.940828402366865,
  "Visitacion Valley": 7.556485355648536,
  "Union Street": 10.22907488986784,
  "Apparel City": 9.727272727272727,
  "Civic Center": 10.637333333333334,
  "Monterey Heights": 7.25,
  "Merced Heights": 9.65,
  "India Basin": 9.41025641025641,
  "Sutro Heights": 6.916129032258064,
  "Inner Sunset": 8.302631578947368,
  "St. Marys Park": 9.152173913043478,
  "Midtown Terrace": 6.466666666666667,
  "Little Hollywood": 8.347517730496454,
  "Silver Terrace": 8.174863387978142,
  "Forest Knolls": 6.8,
  "Merced Manor": 14.9375,
  "Cole Valley": 10.368421052631579,
  "Bret Harte": 8.45,
  "Sherwood Forest": 7.595744680851064,
  "Mint Hill": 12.313432835820896,
  "Chinatown": 6.346153846153846,
  "Mt. Davidson Manor": 7.886792452830188,
  "Golden Gate Park": 26.333333333333332,
  "Clarendon Heights": 9.428571428571429,
  "Lakeshore": 10.12,
  "Presidio National Park": 10.333333333333334,
  "McLaren Park": 10.25
}